ISO2,ISO3,YEAR,COUNTRY,REGION,LDC,LLDC,SIDS
NA,AIA,2000,Anguila,Caribbean,0,0,1
NA,AIA,2001,Anguila,Caribbean,0,0,1
NA,AIA,2002,Anguila,Caribbean,0,0,1
NA,AIA,2003,Anguila,Caribbean,0,0,1
NA,AIA,2004,Anguila,Caribbean,0,0,1
NA,AIA,2005,Anguila,Caribbean,0,0,1
NA,AIA,2006,Anguila,Caribbean,0,0,1
NA,AIA,2007,Anguila,Caribbean,0,0,1
NA,AIA,2008,Anguila,Caribbean,0,0,1
NA,AIA,2009,Anguila,Caribbean,0,0,1
NA,AIA,2010,Anguila,Caribbean,0,0,1
NA,AIA,2011,Anguila,Caribbean,0,0,1
NA,AIA,2012,Anguila,Caribbean,0,0,1
NA,AIA,2013,Anguila,Caribbean,0,0,1
NA,AIA,2014,Anguila,Caribbean,0,0,1
NA,AIA,2015,Anguila,Caribbean,0,0,1
NA,AIA,2016,Anguila,Caribbean,0,0,1
NA,AIA,2017,Anguila,Caribbean,0,0,1
NA,AIA,2018,Anguila,Caribbean,0,0,1
NA,AIA,2019,Anguila,Caribbean,0,0,1
NA,AIA,2020,Anguila,Caribbean,0,0,1
NA,ATG,2000,Antigua and Barbuda,Caribbean,0,0,1
NA,ATG,2001,Antigua and Barbuda,Caribbean,0,0,1
NA,ATG,2002,Antigua and Barbuda,Caribbean,0,0,1
NA,ATG,2003,Antigua and Barbuda,Caribbean,0,0,1
NA,ATG,2004,Antigua and Barbuda,Caribbean,0,0,1
NA,ATG,2005,Antigua and Barbuda,Caribbean,0,0,1
NA,ATG,2006,Antigua and Barbuda,Caribbean,0,0,1
NA,ATG,2007,Antigua and Barbuda,Caribbean,0,0,1
NA,ATG,2008,Antigua and Barbuda,Caribbean,0,0,1
NA,ATG,2009,Antigua and Barbuda,Caribbean,0,0,1
NA,ATG,2010,Antigua and Barbuda,Caribbean,0,0,1
NA,ATG,2011,Antigua and Barbuda,Caribbean,0,0,1
NA,ATG,2012,Antigua and Barbuda,Caribbean,0,0,1
NA,ATG,2013,Antigua and Barbuda,Caribbean,0,0,1
NA,ATG,2014,Antigua and Barbuda,Caribbean,0,0,1
NA,ATG,2015,Antigua and Barbuda,Caribbean,0,0,1
NA,ATG,2016,Antigua and Barbuda,Caribbean,0,0,1
NA,ATG,2017,Antigua and Barbuda,Caribbean,0,0,1
NA,ATG,2018,Antigua and Barbuda,Caribbean,0,0,1
NA,ATG,2019,Antigua and Barbuda,Caribbean,0,0,1
NA,ATG,2020,Antigua and Barbuda,Caribbean,0,0,1
AR,ARG,2000,Argentina,South America,0,0,0
AR,ARG,2001,Argentina,South America,0,0,0
AR,ARG,2002,Argentina,South America,0,0,0
AR,ARG,2003,Argentina,South America,0,0,0
AR,ARG,2004,Argentina,South America,0,0,0
AR,ARG,2005,Argentina,South America,0,0,0
AR,ARG,2006,Argentina,South America,0,0,0
AR,ARG,2007,Argentina,South America,0,0,0
AR,ARG,2008,Argentina,South America,0,0,0
AR,ARG,2009,Argentina,South America,0,0,0
AR,ARG,2010,Argentina,South America,0,0,0
AR,ARG,2011,Argentina,South America,0,0,0
AR,ARG,2012,Argentina,South America,0,0,0
AR,ARG,2013,Argentina,South America,0,0,0
AR,ARG,2014,Argentina,South America,0,0,0
AR,ARG,2015,Argentina,South America,0,0,0
AR,ARG,2016,Argentina,South America,0,0,0
AR,ARG,2017,Argentina,South America,0,0,0
AR,ARG,2018,Argentina,South America,0,0,0
AR,ARG,2019,Argentina,South America,0,0,0
AR,ARG,2020,Argentina,South America,0,0,0
NA,SBW,2000,Aruba,Caribbean,0,0,1
NA,SBW,2001,Aruba,Caribbean,0,0,1
NA,SBW,2002,Aruba,Caribbean,0,0,1
NA,SBW,2003,Aruba,Caribbean,0,0,1
NA,SBW,2004,Aruba,Caribbean,0,0,1
NA,SBW,2005,Aruba,Caribbean,0,0,1
NA,SBW,2006,Aruba,Caribbean,0,0,1
NA,SBW,2007,Aruba,Caribbean,0,0,1
NA,SBW,2008,Aruba,Caribbean,0,0,1
NA,SBW,2009,Aruba,Caribbean,0,0,1
NA,SBW,2010,Aruba,Caribbean,0,0,1
NA,SBW,2011,Aruba,Caribbean,0,0,1
NA,SBW,2012,Aruba,Caribbean,0,0,1
NA,SBW,2013,Aruba,Caribbean,0,0,1
NA,SBW,2014,Aruba,Caribbean,0,0,1
NA,SBW,2015,Aruba,Caribbean,0,0,1
NA,SBW,2016,Aruba,Caribbean,0,0,1
NA,SBW,2017,Aruba,Caribbean,0,0,1
NA,SBW,2018,Aruba,Caribbean,0,0,1
NA,SBW,2019,Aruba,Caribbean,0,0,1
NA,SBW,2020,Aruba,Caribbean,0,0,1
BS,BHS,2000,Bahamas,Caribbean,0,0,1
BS,BHS,2001,Bahamas,Caribbean,0,0,1
BS,BHS,2002,Bahamas,Caribbean,0,0,1
BS,BHS,2003,Bahamas,Caribbean,0,0,1
BS,BHS,2004,Bahamas,Caribbean,0,0,1
BS,BHS,2005,Bahamas,Caribbean,0,0,1
BS,BHS,2006,Bahamas,Caribbean,0,0,1
BS,BHS,2007,Bahamas,Caribbean,0,0,1
BS,BHS,2008,Bahamas,Caribbean,0,0,1
BS,BHS,2009,Bahamas,Caribbean,0,0,1
BS,BHS,2010,Bahamas,Caribbean,0,0,1
BS,BHS,2011,Bahamas,Caribbean,0,0,1
BS,BHS,2012,Bahamas,Caribbean,0,0,1
BS,BHS,2013,Bahamas,Caribbean,0,0,1
BS,BHS,2014,Bahamas,Caribbean,0,0,1
BS,BHS,2015,Bahamas,Caribbean,0,0,1
BS,BHS,2016,Bahamas,Caribbean,0,0,1
BS,BHS,2017,Bahamas,Caribbean,0,0,1
BS,BHS,2018,Bahamas,Caribbean,0,0,1
BS,BHS,2019,Bahamas,Caribbean,0,0,1
BS,BHS,2020,Bahamas,Caribbean,0,0,1
BB,BRB,2000,Barbados,Caribbean,0,0,1
BB,BRB,2001,Barbados,Caribbean,0,0,1
BB,BRB,2002,Barbados,Caribbean,0,0,1
BB,BRB,2003,Barbados,Caribbean,0,0,1
BB,BRB,2004,Barbados,Caribbean,0,0,1
BB,BRB,2005,Barbados,Caribbean,0,0,1
BB,BRB,2006,Barbados,Caribbean,0,0,1
BB,BRB,2007,Barbados,Caribbean,0,0,1
BB,BRB,2008,Barbados,Caribbean,0,0,1
BB,BRB,2009,Barbados,Caribbean,0,0,1
BB,BRB,2010,Barbados,Caribbean,0,0,1
BB,BRB,2011,Barbados,Caribbean,0,0,1
BB,BRB,2012,Barbados,Caribbean,0,0,1
BB,BRB,2013,Barbados,Caribbean,0,0,1
BB,BRB,2014,Barbados,Caribbean,0,0,1
BB,BRB,2015,Barbados,Caribbean,0,0,1
BB,BRB,2016,Barbados,Caribbean,0,0,1
BB,BRB,2017,Barbados,Caribbean,0,0,1
BB,BRB,2018,Barbados,Caribbean,0,0,1
BB,BRB,2019,Barbados,Caribbean,0,0,1
BB,BRB,2020,Barbados,Caribbean,0,0,1
BZ,BLZ,2000,Belize,Central America,0,0,1
BZ,BLZ,2001,Belize,Central America,0,0,1
BZ,BLZ,2002,Belize,Central America,0,0,1
BZ,BLZ,2003,Belize,Central America,0,0,1
BZ,BLZ,2004,Belize,Central America,0,0,1
BZ,BLZ,2005,Belize,Central America,0,0,1
BZ,BLZ,2006,Belize,Central America,0,0,1
BZ,BLZ,2007,Belize,Central America,0,0,1
BZ,BLZ,2008,Belize,Central America,0,0,1
BZ,BLZ,2009,Belize,Central America,0,0,1
BZ,BLZ,2010,Belize,Central America,0,0,1
BZ,BLZ,2011,Belize,Central America,0,0,1
BZ,BLZ,2012,Belize,Central America,0,0,1
BZ,BLZ,2013,Belize,Central America,0,0,1
BZ,BLZ,2014,Belize,Central America,0,0,1
BZ,BLZ,2015,Belize,Central America,0,0,1
BZ,BLZ,2016,Belize,Central America,0,0,1
BZ,BLZ,2017,Belize,Central America,0,0,1
BZ,BLZ,2018,Belize,Central America,0,0,1
BZ,BLZ,2019,Belize,Central America,0,0,1
BZ,BLZ,2020,Belize,Central America,0,0,1
BO,BOL,2000,Bolivia,South America,0,1,0
BO,BOL,2001,Bolivia,South America,0,1,0
BO,BOL,2002,Bolivia,South America,0,1,0
BO,BOL,2003,Bolivia,South America,0,1,0
BO,BOL,2004,Bolivia,South America,0,1,0
BO,BOL,2005,Bolivia,South America,0,1,0
BO,BOL,2006,Bolivia,South America,0,1,0
BO,BOL,2007,Bolivia,South America,0,1,0
BO,BOL,2008,Bolivia,South America,0,1,0
BO,BOL,2009,Bolivia,South America,0,1,0
BO,BOL,2010,Bolivia,South America,0,1,0
BO,BOL,2011,Bolivia,South America,0,1,0
BO,BOL,2012,Bolivia,South America,0,1,0
BO,BOL,2013,Bolivia,South America,0,1,0
BO,BOL,2014,Bolivia,South America,0,1,0
BO,BOL,2015,Bolivia,South America,0,1,0
BO,BOL,2016,Bolivia,South America,0,1,0
BO,BOL,2017,Bolivia,South America,0,1,0
BO,BOL,2018,Bolivia,South America,0,1,0
BO,BOL,2019,Bolivia,South America,0,1,0
BO,BOL,2020,Bolivia,South America,0,1,0
NA,BES,2000,Bonaire,Caribbean,0,0,0
NA,BES,2001,Bonaire,Caribbean,0,0,0
NA,BES,2002,Bonaire,Caribbean,0,0,0
NA,BES,2003,Bonaire,Caribbean,0,0,0
NA,BES,2004,Bonaire,Caribbean,0,0,0
NA,BES,2005,Bonaire,Caribbean,0,0,0
NA,BES,2006,Bonaire,Caribbean,0,0,0
NA,BES,2007,Bonaire,Caribbean,0,0,0
NA,BES,2008,Bonaire,Caribbean,0,0,0
NA,BES,2009,Bonaire,Caribbean,0,0,0
NA,BES,2010,Bonaire,Caribbean,0,0,0
NA,BES,2011,Bonaire,Caribbean,0,0,0
NA,BES,2012,Bonaire,Caribbean,0,0,0
NA,BES,2013,Bonaire,Caribbean,0,0,0
NA,BES,2014,Bonaire,Caribbean,0,0,0
NA,BES,2015,Bonaire,Caribbean,0,0,0
NA,BES,2016,Bonaire,Caribbean,0,0,0
NA,BES,2017,Bonaire,Caribbean,0,0,0
NA,BES,2018,Bonaire,Caribbean,0,0,0
NA,BES,2019,Bonaire,Caribbean,0,0,0
NA,BES,2020,Bonaire,Caribbean,0,0,0
NA,BVT,2000,Bouvet Island,South America,0,0,0
NA,BVT,2001,Bouvet Island,South America,0,0,0
NA,BVT,2002,Bouvet Island,South America,0,0,0
NA,BVT,2003,Bouvet Island,South America,0,0,0
NA,BVT,2004,Bouvet Island,South America,0,0,0
NA,BVT,2005,Bouvet Island,South America,0,0,0
NA,BVT,2006,Bouvet Island,South America,0,0,0
NA,BVT,2007,Bouvet Island,South America,0,0,0
NA,BVT,2008,Bouvet Island,South America,0,0,0
NA,BVT,2009,Bouvet Island,South America,0,0,0
NA,BVT,2010,Bouvet Island,South America,0,0,0
NA,BVT,2011,Bouvet Island,South America,0,0,0
NA,BVT,2012,Bouvet Island,South America,0,0,0
NA,BVT,2013,Bouvet Island,South America,0,0,0
NA,BVT,2014,Bouvet Island,South America,0,0,0
NA,BVT,2015,Bouvet Island,South America,0,0,0
NA,BVT,2016,Bouvet Island,South America,0,0,0
NA,BVT,2017,Bouvet Island,South America,0,0,0
NA,BVT,2018,Bouvet Island,South America,0,0,0
NA,BVT,2019,Bouvet Island,South America,0,0,0
NA,BVT,2020,Bouvet Island,South America,0,0,0
BR,BRA,2000,Brazil,South America,0,0,0
BR,BRA,2001,Brazil,South America,0,0,0
BR,BRA,2002,Brazil,South America,0,0,0
BR,BRA,2003,Brazil,South America,0,0,0
BR,BRA,2004,Brazil,South America,0,0,0
BR,BRA,2005,Brazil,South America,0,0,0
BR,BRA,2006,Brazil,South America,0,0,0
BR,BRA,2007,Brazil,South America,0,0,0
BR,BRA,2008,Brazil,South America,0,0,0
BR,BRA,2009,Brazil,South America,0,0,0
BR,BRA,2010,Brazil,South America,0,0,0
BR,BRA,2011,Brazil,South America,0,0,0
BR,BRA,2012,Brazil,South America,0,0,0
BR,BRA,2013,Brazil,South America,0,0,0
BR,BRA,2014,Brazil,South America,0,0,0
BR,BRA,2015,Brazil,South America,0,0,0
BR,BRA,2016,Brazil,South America,0,0,0
BR,BRA,2017,Brazil,South America,0,0,0
BR,BRA,2018,Brazil,South America,0,0,0
BR,BRA,2019,Brazil,South America,0,0,0
BR,BRA,2020,Brazil,South America,0,0,0
NA,VGB,2000,British Virgin Islands,Caribbean,0,0,1
NA,VGB,2001,British Virgin Islands,Caribbean,0,0,1
NA,VGB,2002,British Virgin Islands,Caribbean,0,0,1
NA,VGB,2003,British Virgin Islands,Caribbean,0,0,1
NA,VGB,2004,British Virgin Islands,Caribbean,0,0,1
NA,VGB,2005,British Virgin Islands,Caribbean,0,0,1
NA,VGB,2006,British Virgin Islands,Caribbean,0,0,1
NA,VGB,2007,British Virgin Islands,Caribbean,0,0,1
NA,VGB,2008,British Virgin Islands,Caribbean,0,0,1
NA,VGB,2009,British Virgin Islands,Caribbean,0,0,1
NA,VGB,2010,British Virgin Islands,Caribbean,0,0,1
NA,VGB,2011,British Virgin Islands,Caribbean,0,0,1
NA,VGB,2012,British Virgin Islands,Caribbean,0,0,1
NA,VGB,2013,British Virgin Islands,Caribbean,0,0,1
NA,VGB,2014,British Virgin Islands,Caribbean,0,0,1
NA,VGB,2015,British Virgin Islands,Caribbean,0,0,1
NA,VGB,2016,British Virgin Islands,Caribbean,0,0,1
NA,VGB,2017,British Virgin Islands,Caribbean,0,0,1
NA,VGB,2018,British Virgin Islands,Caribbean,0,0,1
NA,VGB,2019,British Virgin Islands,Caribbean,0,0,1
NA,VGB,2020,British Virgin Islands,Caribbean,0,0,1
NA,CYM,2000,Cayman Islands,Caribbean,0,0,0
NA,CYM,2001,Cayman Islands,Caribbean,0,0,0
NA,CYM,2002,Cayman Islands,Caribbean,0,0,0
NA,CYM,2003,Cayman Islands,Caribbean,0,0,0
NA,CYM,2004,Cayman Islands,Caribbean,0,0,0
NA,CYM,2005,Cayman Islands,Caribbean,0,0,0
NA,CYM,2006,Cayman Islands,Caribbean,0,0,0
NA,CYM,2007,Cayman Islands,Caribbean,0,0,0
NA,CYM,2008,Cayman Islands,Caribbean,0,0,0
NA,CYM,2009,Cayman Islands,Caribbean,0,0,0
NA,CYM,2010,Cayman Islands,Caribbean,0,0,0
NA,CYM,2011,Cayman Islands,Caribbean,0,0,0
NA,CYM,2012,Cayman Islands,Caribbean,0,0,0
NA,CYM,2013,Cayman Islands,Caribbean,0,0,0
NA,CYM,2014,Cayman Islands,Caribbean,0,0,0
NA,CYM,2015,Cayman Islands,Caribbean,0,0,0
NA,CYM,2016,Cayman Islands,Caribbean,0,0,0
NA,CYM,2017,Cayman Islands,Caribbean,0,0,0
NA,CYM,2018,Cayman Islands,Caribbean,0,0,0
NA,CYM,2019,Cayman Islands,Caribbean,0,0,0
NA,CYM,2020,Cayman Islands,Caribbean,0,0,0
CL,CHL,2000,Chile,South America,0,0,0
CL,CHL,2001,Chile,South America,0,0,0
CL,CHL,2002,Chile,South America,0,0,0
CL,CHL,2003,Chile,South America,0,0,0
CL,CHL,2004,Chile,South America,0,0,0
CL,CHL,2005,Chile,South America,0,0,0
CL,CHL,2006,Chile,South America,0,0,0
CL,CHL,2007,Chile,South America,0,0,0
CL,CHL,2008,Chile,South America,0,0,0
CL,CHL,2009,Chile,South America,0,0,0
CL,CHL,2010,Chile,South America,0,0,0
CL,CHL,2011,Chile,South America,0,0,0
CL,CHL,2012,Chile,South America,0,0,0
CL,CHL,2013,Chile,South America,0,0,0
CL,CHL,2014,Chile,South America,0,0,0
CL,CHL,2015,Chile,South America,0,0,0
CL,CHL,2016,Chile,South America,0,0,0
CL,CHL,2017,Chile,South America,0,0,0
CL,CHL,2018,Chile,South America,0,0,0
CL,CHL,2019,Chile,South America,0,0,0
CL,CHL,2020,Chile,South America,0,0,0
CO,COL,2000,Colombia,South America,0,0,0
CO,COL,2001,Colombia,South America,0,0,0
CO,COL,2002,Colombia,South America,0,0,0
CO,COL,2003,Colombia,South America,0,0,0
CO,COL,2004,Colombia,South America,0,0,0
CO,COL,2005,Colombia,South America,0,0,0
CO,COL,2006,Colombia,South America,0,0,0
CO,COL,2007,Colombia,South America,0,0,0
CO,COL,2008,Colombia,South America,0,0,0
CO,COL,2009,Colombia,South America,0,0,0
CO,COL,2010,Colombia,South America,0,0,0
CO,COL,2011,Colombia,South America,0,0,0
CO,COL,2012,Colombia,South America,0,0,0
CO,COL,2013,Colombia,South America,0,0,0
CO,COL,2014,Colombia,South America,0,0,0
CO,COL,2015,Colombia,South America,0,0,0
CO,COL,2016,Colombia,South America,0,0,0
CO,COL,2017,Colombia,South America,0,0,0
CO,COL,2018,Colombia,South America,0,0,0
CO,COL,2019,Colombia,South America,0,0,0
CO,COL,2020,Colombia,South America,0,0,0
CR,CRI,2000,Costa Rica,Central America,0,0,0
CR,CRI,2001,Costa Rica,Central America,0,0,0
CR,CRI,2002,Costa Rica,Central America,0,0,0
CR,CRI,2003,Costa Rica,Central America,0,0,0
CR,CRI,2004,Costa Rica,Central America,0,0,0
CR,CRI,2005,Costa Rica,Central America,0,0,0
CR,CRI,2006,Costa Rica,Central America,0,0,0
CR,CRI,2007,Costa Rica,Central America,0,0,0
CR,CRI,2008,Costa Rica,Central America,0,0,0
CR,CRI,2009,Costa Rica,Central America,0,0,0
CR,CRI,2010,Costa Rica,Central America,0,0,0
CR,CRI,2011,Costa Rica,Central America,0,0,0
CR,CRI,2012,Costa Rica,Central America,0,0,0
CR,CRI,2013,Costa Rica,Central America,0,0,0
CR,CRI,2014,Costa Rica,Central America,0,0,0
CR,CRI,2015,Costa Rica,Central America,0,0,0
CR,CRI,2016,Costa Rica,Central America,0,0,0
CR,CRI,2017,Costa Rica,Central America,0,0,0
CR,CRI,2018,Costa Rica,Central America,0,0,0
CR,CRI,2019,Costa Rica,Central America,0,0,0
CR,CRI,2020,Costa Rica,Central America,0,0,0
NA,CUB,2000,Cuba,Caribbean,0,0,1
NA,CUB,2001,Cuba,Caribbean,0,0,1
NA,CUB,2002,Cuba,Caribbean,0,0,1
NA,CUB,2003,Cuba,Caribbean,0,0,1
NA,CUB,2004,Cuba,Caribbean,0,0,1
NA,CUB,2005,Cuba,Caribbean,0,0,1
NA,CUB,2006,Cuba,Caribbean,0,0,1
NA,CUB,2007,Cuba,Caribbean,0,0,1
NA,CUB,2008,Cuba,Caribbean,0,0,1
NA,CUB,2009,Cuba,Caribbean,0,0,1
NA,CUB,2010,Cuba,Caribbean,0,0,1
NA,CUB,2011,Cuba,Caribbean,0,0,1
NA,CUB,2012,Cuba,Caribbean,0,0,1
NA,CUB,2013,Cuba,Caribbean,0,0,1
NA,CUB,2014,Cuba,Caribbean,0,0,1
NA,CUB,2015,Cuba,Caribbean,0,0,1
NA,CUB,2016,Cuba,Caribbean,0,0,1
NA,CUB,2017,Cuba,Caribbean,0,0,1
NA,CUB,2018,Cuba,Caribbean,0,0,1
NA,CUB,2019,Cuba,Caribbean,0,0,1
NA,CUB,2020,Cuba,Caribbean,0,0,1
NA,CUW,2000,Curaçao,Caribbean,0,0,1
NA,CUW,2001,Curaçao,Caribbean,0,0,1
NA,CUW,2002,Curaçao,Caribbean,0,0,1
NA,CUW,2003,Curaçao,Caribbean,0,0,1
NA,CUW,2004,Curaçao,Caribbean,0,0,1
NA,CUW,2005,Curaçao,Caribbean,0,0,1
NA,CUW,2006,Curaçao,Caribbean,0,0,1
NA,CUW,2007,Curaçao,Caribbean,0,0,1
NA,CUW,2008,Curaçao,Caribbean,0,0,1
NA,CUW,2009,Curaçao,Caribbean,0,0,1
NA,CUW,2010,Curaçao,Caribbean,0,0,1
NA,CUW,2011,Curaçao,Caribbean,0,0,1
NA,CUW,2012,Curaçao,Caribbean,0,0,1
NA,CUW,2013,Curaçao,Caribbean,0,0,1
NA,CUW,2014,Curaçao,Caribbean,0,0,1
NA,CUW,2015,Curaçao,Caribbean,0,0,1
NA,CUW,2016,Curaçao,Caribbean,0,0,1
NA,CUW,2017,Curaçao,Caribbean,0,0,1
NA,CUW,2018,Curaçao,Caribbean,0,0,1
NA,CUW,2019,Curaçao,Caribbean,0,0,1
NA,CUW,2020,Curaçao,Caribbean,0,0,1
DM,DMA,2000,Dominica,Caribbean,0,0,1
DM,DMA,2001,Dominica,Caribbean,0,0,1
DM,DMA,2002,Dominica,Caribbean,0,0,1
DM,DMA,2003,Dominica,Caribbean,0,0,1
DM,DMA,2004,Dominica,Caribbean,0,0,1
DM,DMA,2005,Dominica,Caribbean,0,0,1
DM,DMA,2006,Dominica,Caribbean,0,0,1
DM,DMA,2007,Dominica,Caribbean,0,0,1
DM,DMA,2008,Dominica,Caribbean,0,0,1
DM,DMA,2009,Dominica,Caribbean,0,0,1
DM,DMA,2010,Dominica,Caribbean,0,0,1
DM,DMA,2011,Dominica,Caribbean,0,0,1
DM,DMA,2012,Dominica,Caribbean,0,0,1
DM,DMA,2013,Dominica,Caribbean,0,0,1
DM,DMA,2014,Dominica,Caribbean,0,0,1
DM,DMA,2015,Dominica,Caribbean,0,0,1
DM,DMA,2016,Dominica,Caribbean,0,0,1
DM,DMA,2017,Dominica,Caribbean,0,0,1
DM,DMA,2018,Dominica,Caribbean,0,0,1
DM,DMA,2019,Dominica,Caribbean,0,0,1
DM,DMA,2020,Dominica,Caribbean,0,0,1
DO,DOM,2000,Dominican Republic,Caribbean,0,0,1
DO,DOM,2001,Dominican Republic,Caribbean,0,0,1
DO,DOM,2002,Dominican Republic,Caribbean,0,0,1
DO,DOM,2003,Dominican Republic,Caribbean,0,0,1
DO,DOM,2004,Dominican Republic,Caribbean,0,0,1
DO,DOM,2005,Dominican Republic,Caribbean,0,0,1
DO,DOM,2006,Dominican Republic,Caribbean,0,0,1
DO,DOM,2007,Dominican Republic,Caribbean,0,0,1
DO,DOM,2008,Dominican Republic,Caribbean,0,0,1
DO,DOM,2009,Dominican Republic,Caribbean,0,0,1
DO,DOM,2010,Dominican Republic,Caribbean,0,0,1
DO,DOM,2011,Dominican Republic,Caribbean,0,0,1
DO,DOM,2012,Dominican Republic,Caribbean,0,0,1
DO,DOM,2013,Dominican Republic,Caribbean,0,0,1
DO,DOM,2014,Dominican Republic,Caribbean,0,0,1
DO,DOM,2015,Dominican Republic,Caribbean,0,0,1
DO,DOM,2016,Dominican Republic,Caribbean,0,0,1
DO,DOM,2017,Dominican Republic,Caribbean,0,0,1
DO,DOM,2018,Dominican Republic,Caribbean,0,0,1
DO,DOM,2019,Dominican Republic,Caribbean,0,0,1
DO,DOM,2020,Dominican Republic,Caribbean,0,0,1
EC,ECU,2000,Ecuador,South America,0,0,0
EC,ECU,2001,Ecuador,South America,0,0,0
EC,ECU,2002,Ecuador,South America,0,0,0
EC,ECU,2003,Ecuador,South America,0,0,0
EC,ECU,2004,Ecuador,South America,0,0,0
EC,ECU,2005,Ecuador,South America,0,0,0
EC,ECU,2006,Ecuador,South America,0,0,0
EC,ECU,2007,Ecuador,South America,0,0,0
EC,ECU,2008,Ecuador,South America,0,0,0
EC,ECU,2009,Ecuador,South America,0,0,0
EC,ECU,2010,Ecuador,South America,0,0,0
EC,ECU,2011,Ecuador,South America,0,0,0
EC,ECU,2012,Ecuador,South America,0,0,0
EC,ECU,2013,Ecuador,South America,0,0,0
EC,ECU,2014,Ecuador,South America,0,0,0
EC,ECU,2015,Ecuador,South America,0,0,0
EC,ECU,2016,Ecuador,South America,0,0,0
EC,ECU,2017,Ecuador,South America,0,0,0
EC,ECU,2018,Ecuador,South America,0,0,0
EC,ECU,2019,Ecuador,South America,0,0,0
EC,ECU,2020,Ecuador,South America,0,0,0
SV,SLV,2000,El Salvador,Central America,0,0,0
SV,SLV,2001,El Salvador,Central America,0,0,0
SV,SLV,2002,El Salvador,Central America,0,0,0
SV,SLV,2003,El Salvador,Central America,0,0,0
SV,SLV,2004,El Salvador,Central America,0,0,0
SV,SLV,2005,El Salvador,Central America,0,0,0
SV,SLV,2006,El Salvador,Central America,0,0,0
SV,SLV,2007,El Salvador,Central America,0,0,0
SV,SLV,2008,El Salvador,Central America,0,0,0
SV,SLV,2009,El Salvador,Central America,0,0,0
SV,SLV,2010,El Salvador,Central America,0,0,0
SV,SLV,2011,El Salvador,Central America,0,0,0
SV,SLV,2012,El Salvador,Central America,0,0,0
SV,SLV,2013,El Salvador,Central America,0,0,0
SV,SLV,2014,El Salvador,Central America,0,0,0
SV,SLV,2015,El Salvador,Central America,0,0,0
SV,SLV,2016,El Salvador,Central America,0,0,0
SV,SLV,2017,El Salvador,Central America,0,0,0
SV,SLV,2018,El Salvador,Central America,0,0,0
SV,SLV,2019,El Salvador,Central America,0,0,0
SV,SLV,2020,El Salvador,Central America,0,0,0
NA,FLK,2000,Falkland Islands,South America,0,0,0
NA,FLK,2001,Falkland Islands,South America,0,0,0
NA,FLK,2002,Falkland Islands,South America,0,0,0
NA,FLK,2003,Falkland Islands,South America,0,0,0
NA,FLK,2004,Falkland Islands,South America,0,0,0
NA,FLK,2005,Falkland Islands,South America,0,0,0
NA,FLK,2006,Falkland Islands,South America,0,0,0
NA,FLK,2007,Falkland Islands,South America,0,0,0
NA,FLK,2008,Falkland Islands,South America,0,0,0
NA,FLK,2009,Falkland Islands,South America,0,0,0
NA,FLK,2010,Falkland Islands,South America,0,0,0
NA,FLK,2011,Falkland Islands,South America,0,0,0
NA,FLK,2012,Falkland Islands,South America,0,0,0
NA,FLK,2013,Falkland Islands,South America,0,0,0
NA,FLK,2014,Falkland Islands,South America,0,0,0
NA,FLK,2015,Falkland Islands,South America,0,0,0
NA,FLK,2016,Falkland Islands,South America,0,0,0
NA,FLK,2017,Falkland Islands,South America,0,0,0
NA,FLK,2018,Falkland Islands,South America,0,0,0
NA,FLK,2019,Falkland Islands,South America,0,0,0
NA,FLK,2020,Falkland Islands,South America,0,0,0
NA,GUF,2000,French Guiana,South America,0,0,0
NA,GUF,2001,French Guiana,South America,0,0,0
NA,GUF,2002,French Guiana,South America,0,0,0
NA,GUF,2003,French Guiana,South America,0,0,0
NA,GUF,2004,French Guiana,South America,0,0,0
NA,GUF,2005,French Guiana,South America,0,0,0
NA,GUF,2006,French Guiana,South America,0,0,0
NA,GUF,2007,French Guiana,South America,0,0,0
NA,GUF,2008,French Guiana,South America,0,0,0
NA,GUF,2009,French Guiana,South America,0,0,0
NA,GUF,2010,French Guiana,South America,0,0,0
NA,GUF,2011,French Guiana,South America,0,0,0
NA,GUF,2012,French Guiana,South America,0,0,0
NA,GUF,2013,French Guiana,South America,0,0,0
NA,GUF,2014,French Guiana,South America,0,0,0
NA,GUF,2015,French Guiana,South America,0,0,0
NA,GUF,2016,French Guiana,South America,0,0,0
NA,GUF,2017,French Guiana,South America,0,0,0
NA,GUF,2018,French Guiana,South America,0,0,0
NA,GUF,2019,French Guiana,South America,0,0,0
NA,GUF,2020,French Guiana,South America,0,0,0
NA,GRD,2000,Grenada,Caribbean,0,0,1
NA,GRD,2001,Grenada,Caribbean,0,0,1
NA,GRD,2002,Grenada,Caribbean,0,0,1
NA,GRD,2003,Grenada,Caribbean,0,0,1
NA,GRD,2004,Grenada,Caribbean,0,0,1
NA,GRD,2005,Grenada,Caribbean,0,0,1
NA,GRD,2006,Grenada,Caribbean,0,0,1
NA,GRD,2007,Grenada,Caribbean,0,0,1
NA,GRD,2008,Grenada,Caribbean,0,0,1
NA,GRD,2009,Grenada,Caribbean,0,0,1
NA,GRD,2010,Grenada,Caribbean,0,0,1
NA,GRD,2011,Grenada,Caribbean,0,0,1
NA,GRD,2012,Grenada,Caribbean,0,0,1
NA,GRD,2013,Grenada,Caribbean,0,0,1
NA,GRD,2014,Grenada,Caribbean,0,0,1
NA,GRD,2015,Grenada,Caribbean,0,0,1
NA,GRD,2016,Grenada,Caribbean,0,0,1
NA,GRD,2017,Grenada,Caribbean,0,0,1
NA,GRD,2018,Grenada,Caribbean,0,0,1
NA,GRD,2019,Grenada,Caribbean,0,0,1
NA,GRD,2020,Grenada,Caribbean,0,0,1
NA,GLP,2000,Guadeloupe,Caribbean,0,0,0
NA,GLP,2001,Guadeloupe,Caribbean,0,0,0
NA,GLP,2002,Guadeloupe,Caribbean,0,0,0
NA,GLP,2003,Guadeloupe,Caribbean,0,0,0
NA,GLP,2004,Guadeloupe,Caribbean,0,0,0
NA,GLP,2005,Guadeloupe,Caribbean,0,0,0
NA,GLP,2006,Guadeloupe,Caribbean,0,0,0
NA,GLP,2007,Guadeloupe,Caribbean,0,0,0
NA,GLP,2008,Guadeloupe,Caribbean,0,0,0
NA,GLP,2009,Guadeloupe,Caribbean,0,0,0
NA,GLP,2010,Guadeloupe,Caribbean,0,0,0
NA,GLP,2011,Guadeloupe,Caribbean,0,0,0
NA,GLP,2012,Guadeloupe,Caribbean,0,0,0
NA,GLP,2013,Guadeloupe,Caribbean,0,0,0
NA,GLP,2014,Guadeloupe,Caribbean,0,0,0
NA,GLP,2015,Guadeloupe,Caribbean,0,0,0
NA,GLP,2016,Guadeloupe,Caribbean,0,0,0
NA,GLP,2017,Guadeloupe,Caribbean,0,0,0
NA,GLP,2018,Guadeloupe,Caribbean,0,0,0
NA,GLP,2019,Guadeloupe,Caribbean,0,0,0
NA,GLP,2020,Guadeloupe,Caribbean,0,0,0
GT,GTM,2000,Guatemala,Central America,0,0,0
GT,GTM,2001,Guatemala,Central America,0,0,0
GT,GTM,2002,Guatemala,Central America,0,0,0
GT,GTM,2003,Guatemala,Central America,0,0,0
GT,GTM,2004,Guatemala,Central America,0,0,0
GT,GTM,2005,Guatemala,Central America,0,0,0
GT,GTM,2006,Guatemala,Central America,0,0,0
GT,GTM,2007,Guatemala,Central America,0,0,0
GT,GTM,2008,Guatemala,Central America,0,0,0
GT,GTM,2009,Guatemala,Central America,0,0,0
GT,GTM,2010,Guatemala,Central America,0,0,0
GT,GTM,2011,Guatemala,Central America,0,0,0
GT,GTM,2012,Guatemala,Central America,0,0,0
GT,GTM,2013,Guatemala,Central America,0,0,0
GT,GTM,2014,Guatemala,Central America,0,0,0
GT,GTM,2015,Guatemala,Central America,0,0,0
GT,GTM,2016,Guatemala,Central America,0,0,0
GT,GTM,2017,Guatemala,Central America,0,0,0
GT,GTM,2018,Guatemala,Central America,0,0,0
GT,GTM,2019,Guatemala,Central America,0,0,0
GT,GTM,2020,Guatemala,Central America,0,0,0
GY,GUY,2000,Guyana,South America,0,0,1
GY,GUY,2001,Guyana,South America,0,0,1
GY,GUY,2002,Guyana,South America,0,0,1
GY,GUY,2003,Guyana,South America,0,0,1
GY,GUY,2004,Guyana,South America,0,0,1
GY,GUY,2005,Guyana,South America,0,0,1
GY,GUY,2006,Guyana,South America,0,0,1
GY,GUY,2007,Guyana,South America,0,0,1
GY,GUY,2008,Guyana,South America,0,0,1
GY,GUY,2009,Guyana,South America,0,0,1
GY,GUY,2010,Guyana,South America,0,0,1
GY,GUY,2011,Guyana,South America,0,0,1
GY,GUY,2012,Guyana,South America,0,0,1
GY,GUY,2013,Guyana,South America,0,0,1
GY,GUY,2014,Guyana,South America,0,0,1
GY,GUY,2015,Guyana,South America,0,0,1
GY,GUY,2016,Guyana,South America,0,0,1
GY,GUY,2017,Guyana,South America,0,0,1
GY,GUY,2018,Guyana,South America,0,0,1
GY,GUY,2019,Guyana,South America,0,0,1
GY,GUY,2020,Guyana,South America,0,0,1
HT,HTI,2000,Haiti,Haiti,1,0,1
HT,HTI,2001,Haiti,Haiti,1,0,1
HT,HTI,2002,Haiti,Haiti,1,0,1
HT,HTI,2003,Haiti,Haiti,1,0,1
HT,HTI,2004,Haiti,Haiti,1,0,1
HT,HTI,2005,Haiti,Haiti,1,0,1
HT,HTI,2006,Haiti,Haiti,1,0,1
HT,HTI,2007,Haiti,Haiti,1,0,1
HT,HTI,2008,Haiti,Haiti,1,0,1
HT,HTI,2009,Haiti,Haiti,1,0,1
HT,HTI,2010,Haiti,Haiti,1,0,1
HT,HTI,2011,Haiti,Haiti,1,0,1
HT,HTI,2012,Haiti,Haiti,1,0,1
HT,HTI,2013,Haiti,Haiti,1,0,1
HT,HTI,2014,Haiti,Haiti,1,0,1
HT,HTI,2015,Haiti,Haiti,1,0,1
HT,HTI,2016,Haiti,Haiti,1,0,1
HT,HTI,2017,Haiti,Haiti,1,0,1
HT,HTI,2018,Haiti,Haiti,1,0,1
HT,HTI,2019,Haiti,Haiti,1,0,1
HT,HTI,2020,Haiti,Haiti,1,0,1
HN,HND,2000,Honduras,Central America,0,0,0
HN,HND,2001,Honduras,Central America,0,0,0
HN,HND,2002,Honduras,Central America,0,0,0
HN,HND,2003,Honduras,Central America,0,0,0
HN,HND,2004,Honduras,Central America,0,0,0
HN,HND,2005,Honduras,Central America,0,0,0
HN,HND,2006,Honduras,Central America,0,0,0
HN,HND,2007,Honduras,Central America,0,0,0
HN,HND,2008,Honduras,Central America,0,0,0
HN,HND,2009,Honduras,Central America,0,0,0
HN,HND,2010,Honduras,Central America,0,0,0
HN,HND,2011,Honduras,Central America,0,0,0
HN,HND,2012,Honduras,Central America,0,0,0
HN,HND,2013,Honduras,Central America,0,0,0
HN,HND,2014,Honduras,Central America,0,0,0
HN,HND,2015,Honduras,Central America,0,0,0
HN,HND,2016,Honduras,Central America,0,0,0
HN,HND,2017,Honduras,Central America,0,0,0
HN,HND,2018,Honduras,Central America,0,0,0
HN,HND,2019,Honduras,Central America,0,0,0
HN,HND,2020,Honduras,Central America,0,0,0
JM,JAM,2000,Jamaica,Caribbean,0,0,1
JM,JAM,2001,Jamaica,Caribbean,0,0,1
JM,JAM,2002,Jamaica,Caribbean,0,0,1
JM,JAM,2003,Jamaica,Caribbean,0,0,1
JM,JAM,2004,Jamaica,Caribbean,0,0,1
JM,JAM,2005,Jamaica,Caribbean,0,0,1
JM,JAM,2006,Jamaica,Caribbean,0,0,1
JM,JAM,2007,Jamaica,Caribbean,0,0,1
JM,JAM,2008,Jamaica,Caribbean,0,0,1
JM,JAM,2009,Jamaica,Caribbean,0,0,1
JM,JAM,2010,Jamaica,Caribbean,0,0,1
JM,JAM,2011,Jamaica,Caribbean,0,0,1
JM,JAM,2012,Jamaica,Caribbean,0,0,1
JM,JAM,2013,Jamaica,Caribbean,0,0,1
JM,JAM,2014,Jamaica,Caribbean,0,0,1
JM,JAM,2015,Jamaica,Caribbean,0,0,1
JM,JAM,2016,Jamaica,Caribbean,0,0,1
JM,JAM,2017,Jamaica,Caribbean,0,0,1
JM,JAM,2018,Jamaica,Caribbean,0,0,1
JM,JAM,2019,Jamaica,Caribbean,0,0,1
JM,JAM,2020,Jamaica,Caribbean,0,0,1
NA,MTQ,2000,Martinique,Caribbean,0,0,0
NA,MTQ,2001,Martinique,Caribbean,0,0,0
NA,MTQ,2002,Martinique,Caribbean,0,0,0
NA,MTQ,2003,Martinique,Caribbean,0,0,0
NA,MTQ,2004,Martinique,Caribbean,0,0,0
NA,MTQ,2005,Martinique,Caribbean,0,0,0
NA,MTQ,2006,Martinique,Caribbean,0,0,0
NA,MTQ,2007,Martinique,Caribbean,0,0,0
NA,MTQ,2008,Martinique,Caribbean,0,0,0
NA,MTQ,2009,Martinique,Caribbean,0,0,0
NA,MTQ,2010,Martinique,Caribbean,0,0,0
NA,MTQ,2011,Martinique,Caribbean,0,0,0
NA,MTQ,2012,Martinique,Caribbean,0,0,0
NA,MTQ,2013,Martinique,Caribbean,0,0,0
NA,MTQ,2014,Martinique,Caribbean,0,0,0
NA,MTQ,2015,Martinique,Caribbean,0,0,0
NA,MTQ,2016,Martinique,Caribbean,0,0,0
NA,MTQ,2017,Martinique,Caribbean,0,0,0
NA,MTQ,2018,Martinique,Caribbean,0,0,0
NA,MTQ,2019,Martinique,Caribbean,0,0,0
NA,MTQ,2020,Martinique,Caribbean,0,0,0
MX,MEX,2000,Mexico,Central America,0,0,0
MX,MEX,2001,Mexico,Central America,0,0,0
MX,MEX,2002,Mexico,Central America,0,0,0
MX,MEX,2003,Mexico,Central America,0,0,0
MX,MEX,2004,Mexico,Central America,0,0,0
MX,MEX,2005,Mexico,Central America,0,0,0
MX,MEX,2006,Mexico,Central America,0,0,0
MX,MEX,2007,Mexico,Central America,0,0,0
MX,MEX,2008,Mexico,Central America,0,0,0
MX,MEX,2009,Mexico,Central America,0,0,0
MX,MEX,2010,Mexico,Central America,0,0,0
MX,MEX,2011,Mexico,Central America,0,0,0
MX,MEX,2012,Mexico,Central America,0,0,0
MX,MEX,2013,Mexico,Central America,0,0,0
MX,MEX,2014,Mexico,Central America,0,0,0
MX,MEX,2015,Mexico,Central America,0,0,0
MX,MEX,2016,Mexico,Central America,0,0,0
MX,MEX,2017,Mexico,Central America,0,0,0
MX,MEX,2018,Mexico,Central America,0,0,0
MX,MEX,2019,Mexico,Central America,0,0,0
MX,MEX,2020,Mexico,Central America,0,0,0
NA,MSR,2000,Montserrat,Caribbean,0,0,1
NA,MSR,2001,Montserrat,Caribbean,0,0,1
NA,MSR,2002,Montserrat,Caribbean,0,0,1
NA,MSR,2003,Montserrat,Caribbean,0,0,1
NA,MSR,2004,Montserrat,Caribbean,0,0,1
NA,MSR,2005,Montserrat,Caribbean,0,0,1
NA,MSR,2006,Montserrat,Caribbean,0,0,1
NA,MSR,2007,Montserrat,Caribbean,0,0,1
NA,MSR,2008,Montserrat,Caribbean,0,0,1
NA,MSR,2009,Montserrat,Caribbean,0,0,1
NA,MSR,2010,Montserrat,Caribbean,0,0,1
NA,MSR,2011,Montserrat,Caribbean,0,0,1
NA,MSR,2012,Montserrat,Caribbean,0,0,1
NA,MSR,2013,Montserrat,Caribbean,0,0,1
NA,MSR,2014,Montserrat,Caribbean,0,0,1
NA,MSR,2015,Montserrat,Caribbean,0,0,1
NA,MSR,2016,Montserrat,Caribbean,0,0,1
NA,MSR,2017,Montserrat,Caribbean,0,0,1
NA,MSR,2018,Montserrat,Caribbean,0,0,1
NA,MSR,2019,Montserrat,Caribbean,0,0,1
NA,MSR,2020,Montserrat,Caribbean,0,0,1
NI,NIC,2000,Nicaragua,Central America,0,0,0
NI,NIC,2001,Nicaragua,Central America,0,0,0
NI,NIC,2002,Nicaragua,Central America,0,0,0
NI,NIC,2003,Nicaragua,Central America,0,0,0
NI,NIC,2004,Nicaragua,Central America,0,0,0
NI,NIC,2005,Nicaragua,Central America,0,0,0
NI,NIC,2006,Nicaragua,Central America,0,0,0
NI,NIC,2007,Nicaragua,Central America,0,0,0
NI,NIC,2008,Nicaragua,Central America,0,0,0
NI,NIC,2009,Nicaragua,Central America,0,0,0
NI,NIC,2010,Nicaragua,Central America,0,0,0
NI,NIC,2011,Nicaragua,Central America,0,0,0
NI,NIC,2012,Nicaragua,Central America,0,0,0
NI,NIC,2013,Nicaragua,Central America,0,0,0
NI,NIC,2014,Nicaragua,Central America,0,0,0
NI,NIC,2015,Nicaragua,Central America,0,0,0
NI,NIC,2016,Nicaragua,Central America,0,0,0
NI,NIC,2017,Nicaragua,Central America,0,0,0
NI,NIC,2018,Nicaragua,Central America,0,0,0
NI,NIC,2019,Nicaragua,Central America,0,0,0
NI,NIC,2020,Nicaragua,Central America,0,0,0
PA,PAN,2000,Panama,Central America,0,0,0
PA,PAN,2001,Panama,Central America,0,0,0
PA,PAN,2002,Panama,Central America,0,0,0
PA,PAN,2003,Panama,Central America,0,0,0
PA,PAN,2004,Panama,Central America,0,0,0
PA,PAN,2005,Panama,Central America,0,0,0
PA,PAN,2006,Panama,Central America,0,0,0
PA,PAN,2007,Panama,Central America,0,0,0
PA,PAN,2008,Panama,Central America,0,0,0
PA,PAN,2009,Panama,Central America,0,0,0
PA,PAN,2010,Panama,Central America,0,0,0
PA,PAN,2011,Panama,Central America,0,0,0
PA,PAN,2012,Panama,Central America,0,0,0
PA,PAN,2013,Panama,Central America,0,0,0
PA,PAN,2014,Panama,Central America,0,0,0
PA,PAN,2015,Panama,Central America,0,0,0
PA,PAN,2016,Panama,Central America,0,0,0
PA,PAN,2017,Panama,Central America,0,0,0
PA,PAN,2018,Panama,Central America,0,0,0
PA,PAN,2019,Panama,Central America,0,0,0
PA,PAN,2020,Panama,Central America,0,0,0
PY,PRY,2000,Paraguay,South America,0,1,0
PY,PRY,2001,Paraguay,South America,0,1,0
PY,PRY,2002,Paraguay,South America,0,1,0
PY,PRY,2003,Paraguay,South America,0,1,0
PY,PRY,2004,Paraguay,South America,0,1,0
PY,PRY,2005,Paraguay,South America,0,1,0
PY,PRY,2006,Paraguay,South America,0,1,0
PY,PRY,2007,Paraguay,South America,0,1,0
PY,PRY,2008,Paraguay,South America,0,1,0
PY,PRY,2009,Paraguay,South America,0,1,0
PY,PRY,2010,Paraguay,South America,0,1,0
PY,PRY,2011,Paraguay,South America,0,1,0
PY,PRY,2012,Paraguay,South America,0,1,0
PY,PRY,2013,Paraguay,South America,0,1,0
PY,PRY,2014,Paraguay,South America,0,1,0
PY,PRY,2015,Paraguay,South America,0,1,0
PY,PRY,2016,Paraguay,South America,0,1,0
PY,PRY,2017,Paraguay,South America,0,1,0
PY,PRY,2018,Paraguay,South America,0,1,0
PY,PRY,2019,Paraguay,South America,0,1,0
PY,PRY,2020,Paraguay,South America,0,1,0
PE,PER,2000,Peru,South America,0,0,0
PE,PER,2001,Peru,South America,0,0,0
PE,PER,2002,Peru,South America,0,0,0
PE,PER,2003,Peru,South America,0,0,0
PE,PER,2004,Peru,South America,0,0,0
PE,PER,2005,Peru,South America,0,0,0
PE,PER,2006,Peru,South America,0,0,0
PE,PER,2007,Peru,South America,0,0,0
PE,PER,2008,Peru,South America,0,0,0
PE,PER,2009,Peru,South America,0,0,0
PE,PER,2010,Peru,South America,0,0,0
PE,PER,2011,Peru,South America,0,0,0
PE,PER,2012,Peru,South America,0,0,0
PE,PER,2013,Peru,South America,0,0,0
PE,PER,2014,Peru,South America,0,0,0
PE,PER,2015,Peru,South America,0,0,0
PE,PER,2016,Peru,South America,0,0,0
PE,PER,2017,Peru,South America,0,0,0
PE,PER,2018,Peru,South America,0,0,0
PE,PER,2019,Peru,South America,0,0,0
PE,PER,2020,Peru,South America,0,0,0
NA,PRI,2000,Puerto Rico,Caribbean,0,0,1
NA,PRI,2001,Puerto Rico,Caribbean,0,0,1
NA,PRI,2002,Puerto Rico,Caribbean,0,0,1
NA,PRI,2003,Puerto Rico,Caribbean,0,0,1
NA,PRI,2004,Puerto Rico,Caribbean,0,0,1
NA,PRI,2005,Puerto Rico,Caribbean,0,0,1
NA,PRI,2006,Puerto Rico,Caribbean,0,0,1
NA,PRI,2007,Puerto Rico,Caribbean,0,0,1
NA,PRI,2008,Puerto Rico,Caribbean,0,0,1
NA,PRI,2009,Puerto Rico,Caribbean,0,0,1
NA,PRI,2010,Puerto Rico,Caribbean,0,0,1
NA,PRI,2011,Puerto Rico,Caribbean,0,0,1
NA,PRI,2012,Puerto Rico,Caribbean,0,0,1
NA,PRI,2013,Puerto Rico,Caribbean,0,0,1
NA,PRI,2014,Puerto Rico,Caribbean,0,0,1
NA,PRI,2015,Puerto Rico,Caribbean,0,0,1
NA,PRI,2016,Puerto Rico,Caribbean,0,0,1
NA,PRI,2017,Puerto Rico,Caribbean,0,0,1
NA,PRI,2018,Puerto Rico,Caribbean,0,0,1
NA,PRI,2019,Puerto Rico,Caribbean,0,0,1
NA,PRI,2020,Puerto Rico,Caribbean,0,0,1
NA,BLM,2000,Saint Barthélemy,Caribbean,0,0,0
NA,BLM,2001,Saint Barthélemy,Caribbean,0,0,0
NA,BLM,2002,Saint Barthélemy,Caribbean,0,0,0
NA,BLM,2003,Saint Barthélemy,Caribbean,0,0,0
NA,BLM,2004,Saint Barthélemy,Caribbean,0,0,0
NA,BLM,2005,Saint Barthélemy,Caribbean,0,0,0
NA,BLM,2006,Saint Barthélemy,Caribbean,0,0,0
NA,BLM,2007,Saint Barthélemy,Caribbean,0,0,0
NA,BLM,2008,Saint Barthélemy,Caribbean,0,0,0
NA,BLM,2009,Saint Barthélemy,Caribbean,0,0,0
NA,BLM,2010,Saint Barthélemy,Caribbean,0,0,0
NA,BLM,2011,Saint Barthélemy,Caribbean,0,0,0
NA,BLM,2012,Saint Barthélemy,Caribbean,0,0,0
NA,BLM,2013,Saint Barthélemy,Caribbean,0,0,0
NA,BLM,2014,Saint Barthélemy,Caribbean,0,0,0
NA,BLM,2015,Saint Barthélemy,Caribbean,0,0,0
NA,BLM,2016,Saint Barthélemy,Caribbean,0,0,0
NA,BLM,2017,Saint Barthélemy,Caribbean,0,0,0
NA,BLM,2018,Saint Barthélemy,Caribbean,0,0,0
NA,BLM,2019,Saint Barthélemy,Caribbean,0,0,0
NA,BLM,2020,Saint Barthélemy,Caribbean,0,0,0
NA,KNA,2000,Saint Kitts and Nevis,Caribbean,0,0,1
NA,KNA,2001,Saint Kitts and Nevis,Caribbean,0,0,1
NA,KNA,2002,Saint Kitts and Nevis,Caribbean,0,0,1
NA,KNA,2003,Saint Kitts and Nevis,Caribbean,0,0,1
NA,KNA,2004,Saint Kitts and Nevis,Caribbean,0,0,1
NA,KNA,2005,Saint Kitts and Nevis,Caribbean,0,0,1
NA,KNA,2006,Saint Kitts and Nevis,Caribbean,0,0,1
NA,KNA,2007,Saint Kitts and Nevis,Caribbean,0,0,1
NA,KNA,2008,Saint Kitts and Nevis,Caribbean,0,0,1
NA,KNA,2009,Saint Kitts and Nevis,Caribbean,0,0,1
NA,KNA,2010,Saint Kitts and Nevis,Caribbean,0,0,1
NA,KNA,2011,Saint Kitts and Nevis,Caribbean,0,0,1
NA,KNA,2012,Saint Kitts and Nevis,Caribbean,0,0,1
NA,KNA,2013,Saint Kitts and Nevis,Caribbean,0,0,1
NA,KNA,2014,Saint Kitts and Nevis,Caribbean,0,0,1
NA,KNA,2015,Saint Kitts and Nevis,Caribbean,0,0,1
NA,KNA,2016,Saint Kitts and Nevis,Caribbean,0,0,1
NA,KNA,2017,Saint Kitts and Nevis,Caribbean,0,0,1
NA,KNA,2018,Saint Kitts and Nevis,Caribbean,0,0,1
NA,KNA,2019,Saint Kitts and Nevis,Caribbean,0,0,1
NA,KNA,2020,Saint Kitts and Nevis,Caribbean,0,0,1
LC,LCA,2000,Saint Lucia,Caribbean,0,0,1
LC,LCA,2001,Saint Lucia,Caribbean,0,0,1
LC,LCA,2002,Saint Lucia,Caribbean,0,0,1
LC,LCA,2003,Saint Lucia,Caribbean,0,0,1
LC,LCA,2004,Saint Lucia,Caribbean,0,0,1
LC,LCA,2005,Saint Lucia,Caribbean,0,0,1
LC,LCA,2006,Saint Lucia,Caribbean,0,0,1
LC,LCA,2007,Saint Lucia,Caribbean,0,0,1
LC,LCA,2008,Saint Lucia,Caribbean,0,0,1
LC,LCA,2009,Saint Lucia,Caribbean,0,0,1
LC,LCA,2010,Saint Lucia,Caribbean,0,0,1
LC,LCA,2011,Saint Lucia,Caribbean,0,0,1
LC,LCA,2012,Saint Lucia,Caribbean,0,0,1
LC,LCA,2013,Saint Lucia,Caribbean,0,0,1
LC,LCA,2014,Saint Lucia,Caribbean,0,0,1
LC,LCA,2015,Saint Lucia,Caribbean,0,0,1
LC,LCA,2016,Saint Lucia,Caribbean,0,0,1
LC,LCA,2017,Saint Lucia,Caribbean,0,0,1
LC,LCA,2018,Saint Lucia,Caribbean,0,0,1
LC,LCA,2019,Saint Lucia,Caribbean,0,0,1
LC,LCA,2020,Saint Lucia,Caribbean,0,0,1
NA,SXM,2000,Sint Marteen (Dutch Part),Caribbean,0,0,1
NA,SXM,2001,Sint Marteen (Dutch Part),Caribbean,0,0,1
NA,SXM,2002,Sint Marteen (Dutch Part),Caribbean,0,0,1
NA,SXM,2003,Sint Marteen (Dutch Part),Caribbean,0,0,1
NA,SXM,2004,Sint Marteen (Dutch Part),Caribbean,0,0,1
NA,SXM,2005,Sint Marteen (Dutch Part),Caribbean,0,0,1
NA,SXM,2006,Sint Marteen (Dutch Part),Caribbean,0,0,1
NA,SXM,2007,Sint Marteen (Dutch Part),Caribbean,0,0,1
NA,SXM,2008,Sint Marteen (Dutch Part),Caribbean,0,0,1
NA,SXM,2009,Sint Marteen (Dutch Part),Caribbean,0,0,1
NA,SXM,2010,Sint Marteen (Dutch Part),Caribbean,0,0,1
NA,SXM,2011,Sint Marteen (Dutch Part),Caribbean,0,0,1
NA,SXM,2012,Sint Marteen (Dutch Part),Caribbean,0,0,1
NA,SXM,2013,Sint Marteen (Dutch Part),Caribbean,0,0,1
NA,SXM,2014,Sint Marteen (Dutch Part),Caribbean,0,0,1
NA,SXM,2015,Sint Marteen (Dutch Part),Caribbean,0,0,1
NA,SXM,2016,Sint Marteen (Dutch Part),Caribbean,0,0,1
NA,SXM,2017,Sint Marteen (Dutch Part),Caribbean,0,0,1
NA,SXM,2018,Sint Marteen (Dutch Part),Caribbean,0,0,1
NA,SXM,2019,Sint Marteen (Dutch Part),Caribbean,0,0,1
NA,SXM,2020,Sint Marteen (Dutch Part),Caribbean,0,0,1
NA,SGS,2000,South Georgia and the South Sandwich Islands,South America,0,0,0
NA,SGS,2001,South Georgia and the South Sandwich Islands,South America,0,0,0
NA,SGS,2002,South Georgia and the South Sandwich Islands,South America,0,0,0
NA,SGS,2003,South Georgia and the South Sandwich Islands,South America,0,0,0
NA,SGS,2004,South Georgia and the South Sandwich Islands,South America,0,0,0
NA,SGS,2005,South Georgia and the South Sandwich Islands,South America,0,0,0
NA,SGS,2006,South Georgia and the South Sandwich Islands,South America,0,0,0
NA,SGS,2007,South Georgia and the South Sandwich Islands,South America,0,0,0
NA,SGS,2008,South Georgia and the South Sandwich Islands,South America,0,0,0
NA,SGS,2009,South Georgia and the South Sandwich Islands,South America,0,0,0
NA,SGS,2010,South Georgia and the South Sandwich Islands,South America,0,0,0
NA,SGS,2011,South Georgia and the South Sandwich Islands,South America,0,0,0
NA,SGS,2012,South Georgia and the South Sandwich Islands,South America,0,0,0
NA,SGS,2013,South Georgia and the South Sandwich Islands,South America,0,0,0
NA,SGS,2014,South Georgia and the South Sandwich Islands,South America,0,0,0
NA,SGS,2015,South Georgia and the South Sandwich Islands,South America,0,0,0
NA,SGS,2016,South Georgia and the South Sandwich Islands,South America,0,0,0
NA,SGS,2017,South Georgia and the South Sandwich Islands,South America,0,0,0
NA,SGS,2018,South Georgia and the South Sandwich Islands,South America,0,0,0
NA,SGS,2019,South Georgia and the South Sandwich Islands,South America,0,0,0
NA,SGS,2020,South Georgia and the South Sandwich Islands,South America,0,0,0
NA,MAF,2000,St. Martin (French Part),Caribbean,0,0,0
NA,MAF,2001,St. Martin (French Part),Caribbean,0,0,0
NA,MAF,2002,St. Martin (French Part),Caribbean,0,0,0
NA,MAF,2003,St. Martin (French Part),Caribbean,0,0,0
NA,MAF,2004,St. Martin (French Part),Caribbean,0,0,0
NA,MAF,2005,St. Martin (French Part),Caribbean,0,0,0
NA,MAF,2006,St. Martin (French Part),Caribbean,0,0,0
NA,MAF,2007,St. Martin (French Part),Caribbean,0,0,0
NA,MAF,2008,St. Martin (French Part),Caribbean,0,0,0
NA,MAF,2009,St. Martin (French Part),Caribbean,0,0,0
NA,MAF,2010,St. Martin (French Part),Caribbean,0,0,0
NA,MAF,2011,St. Martin (French Part),Caribbean,0,0,0
NA,MAF,2012,St. Martin (French Part),Caribbean,0,0,0
NA,MAF,2013,St. Martin (French Part),Caribbean,0,0,0
NA,MAF,2014,St. Martin (French Part),Caribbean,0,0,0
NA,MAF,2015,St. Martin (French Part),Caribbean,0,0,0
NA,MAF,2016,St. Martin (French Part),Caribbean,0,0,0
NA,MAF,2017,St. Martin (French Part),Caribbean,0,0,0
NA,MAF,2018,St. Martin (French Part),Caribbean,0,0,0
NA,MAF,2019,St. Martin (French Part),Caribbean,0,0,0
NA,MAF,2020,St. Martin (French Part),Caribbean,0,0,0
VC,VCT,2000,St. Vincent and the Grenadines,Caribbean,0,0,1
VC,VCT,2001,St. Vincent and the Grenadines,Caribbean,0,0,1
VC,VCT,2002,St. Vincent and the Grenadines,Caribbean,0,0,1
VC,VCT,2003,St. Vincent and the Grenadines,Caribbean,0,0,1
VC,VCT,2004,St. Vincent and the Grenadines,Caribbean,0,0,1
VC,VCT,2005,St. Vincent and the Grenadines,Caribbean,0,0,1
VC,VCT,2006,St. Vincent and the Grenadines,Caribbean,0,0,1
VC,VCT,2007,St. Vincent and the Grenadines,Caribbean,0,0,1
VC,VCT,2008,St. Vincent and the Grenadines,Caribbean,0,0,1
VC,VCT,2009,St. Vincent and the Grenadines,Caribbean,0,0,1
VC,VCT,2010,St. Vincent and the Grenadines,Caribbean,0,0,1
VC,VCT,2011,St. Vincent and the Grenadines,Caribbean,0,0,1
VC,VCT,2012,St. Vincent and the Grenadines,Caribbean,0,0,1
VC,VCT,2013,St. Vincent and the Grenadines,Caribbean,0,0,1
VC,VCT,2014,St. Vincent and the Grenadines,Caribbean,0,0,1
VC,VCT,2015,St. Vincent and the Grenadines,Caribbean,0,0,1
VC,VCT,2016,St. Vincent and the Grenadines,Caribbean,0,0,1
VC,VCT,2017,St. Vincent and the Grenadines,Caribbean,0,0,1
VC,VCT,2018,St. Vincent and the Grenadines,Caribbean,0,0,1
VC,VCT,2019,St. Vincent and the Grenadines,Caribbean,0,0,1
VC,VCT,2020,St. Vincent and the Grenadines,Caribbean,0,0,1
SR,SUR,2000,Suriname,South America,0,0,1
SR,SUR,2001,Suriname,South America,0,0,1
SR,SUR,2002,Suriname,South America,0,0,1
SR,SUR,2003,Suriname,South America,0,0,1
SR,SUR,2004,Suriname,South America,0,0,1
SR,SUR,2005,Suriname,South America,0,0,1
SR,SUR,2006,Suriname,South America,0,0,1
SR,SUR,2007,Suriname,South America,0,0,1
SR,SUR,2008,Suriname,South America,0,0,1
SR,SUR,2009,Suriname,South America,0,0,1
SR,SUR,2010,Suriname,South America,0,0,1
SR,SUR,2011,Suriname,South America,0,0,1
SR,SUR,2012,Suriname,South America,0,0,1
SR,SUR,2013,Suriname,South America,0,0,1
SR,SUR,2014,Suriname,South America,0,0,1
SR,SUR,2015,Suriname,South America,0,0,1
SR,SUR,2016,Suriname,South America,0,0,1
SR,SUR,2017,Suriname,South America,0,0,1
SR,SUR,2018,Suriname,South America,0,0,1
SR,SUR,2019,Suriname,South America,0,0,1
SR,SUR,2020,Suriname,South America,0,0,1
TT,TTO,2000,Trinidad y Tobago,Caribbean,0,0,1
TT,TTO,2001,Trinidad y Tobago,Caribbean,0,0,1
TT,TTO,2002,Trinidad y Tobago,Caribbean,0,0,1
TT,TTO,2003,Trinidad y Tobago,Caribbean,0,0,1
TT,TTO,2004,Trinidad y Tobago,Caribbean,0,0,1
TT,TTO,2005,Trinidad y Tobago,Caribbean,0,0,1
TT,TTO,2006,Trinidad y Tobago,Caribbean,0,0,1
TT,TTO,2007,Trinidad y Tobago,Caribbean,0,0,1
TT,TTO,2008,Trinidad y Tobago,Caribbean,0,0,1
TT,TTO,2009,Trinidad y Tobago,Caribbean,0,0,1
TT,TTO,2010,Trinidad y Tobago,Caribbean,0,0,1
TT,TTO,2011,Trinidad y Tobago,Caribbean,0,0,1
TT,TTO,2012,Trinidad y Tobago,Caribbean,0,0,1
TT,TTO,2013,Trinidad y Tobago,Caribbean,0,0,1
TT,TTO,2014,Trinidad y Tobago,Caribbean,0,0,1
TT,TTO,2015,Trinidad y Tobago,Caribbean,0,0,1
TT,TTO,2016,Trinidad y Tobago,Caribbean,0,0,1
TT,TTO,2017,Trinidad y Tobago,Caribbean,0,0,1
TT,TTO,2018,Trinidad y Tobago,Caribbean,0,0,1
TT,TTO,2019,Trinidad y Tobago,Caribbean,0,0,1
TT,TTO,2020,Trinidad y Tobago,Caribbean,0,0,1
NA,TCA,2000,Turks and Caicos Island,Caribbean,0,0,0
NA,TCA,2001,Turks and Caicos Island,Caribbean,0,0,0
NA,TCA,2002,Turks and Caicos Island,Caribbean,0,0,0
NA,TCA,2003,Turks and Caicos Island,Caribbean,0,0,0
NA,TCA,2004,Turks and Caicos Island,Caribbean,0,0,0
NA,TCA,2005,Turks and Caicos Island,Caribbean,0,0,0
NA,TCA,2006,Turks and Caicos Island,Caribbean,0,0,0
NA,TCA,2007,Turks and Caicos Island,Caribbean,0,0,0
NA,TCA,2008,Turks and Caicos Island,Caribbean,0,0,0
NA,TCA,2009,Turks and Caicos Island,Caribbean,0,0,0
NA,TCA,2010,Turks and Caicos Island,Caribbean,0,0,0
NA,TCA,2011,Turks and Caicos Island,Caribbean,0,0,0
NA,TCA,2012,Turks and Caicos Island,Caribbean,0,0,0
NA,TCA,2013,Turks and Caicos Island,Caribbean,0,0,0
NA,TCA,2014,Turks and Caicos Island,Caribbean,0,0,0
NA,TCA,2015,Turks and Caicos Island,Caribbean,0,0,0
NA,TCA,2016,Turks and Caicos Island,Caribbean,0,0,0
NA,TCA,2017,Turks and Caicos Island,Caribbean,0,0,0
NA,TCA,2018,Turks and Caicos Island,Caribbean,0,0,0
NA,TCA,2019,Turks and Caicos Island,Caribbean,0,0,0
NA,TCA,2020,Turks and Caicos Island,Caribbean,0,0,0
NA,VIR,2000,United States Virgin Islands,Caribbean,0,0,1
NA,VIR,2001,United States Virgin Islands,Caribbean,0,0,1
NA,VIR,2002,United States Virgin Islands,Caribbean,0,0,1
NA,VIR,2003,United States Virgin Islands,Caribbean,0,0,1
NA,VIR,2004,United States Virgin Islands,Caribbean,0,0,1
NA,VIR,2005,United States Virgin Islands,Caribbean,0,0,1
NA,VIR,2006,United States Virgin Islands,Caribbean,0,0,1
NA,VIR,2007,United States Virgin Islands,Caribbean,0,0,1
NA,VIR,2008,United States Virgin Islands,Caribbean,0,0,1
NA,VIR,2009,United States Virgin Islands,Caribbean,0,0,1
NA,VIR,2010,United States Virgin Islands,Caribbean,0,0,1
NA,VIR,2011,United States Virgin Islands,Caribbean,0,0,1
NA,VIR,2012,United States Virgin Islands,Caribbean,0,0,1
NA,VIR,2013,United States Virgin Islands,Caribbean,0,0,1
NA,VIR,2014,United States Virgin Islands,Caribbean,0,0,1
NA,VIR,2015,United States Virgin Islands,Caribbean,0,0,1
NA,VIR,2016,United States Virgin Islands,Caribbean,0,0,1
NA,VIR,2017,United States Virgin Islands,Caribbean,0,0,1
NA,VIR,2018,United States Virgin Islands,Caribbean,0,0,1
NA,VIR,2019,United States Virgin Islands,Caribbean,0,0,1
NA,VIR,2020,United States Virgin Islands,Caribbean,0,0,1
UY,URY,2000,Uruguay,South America,0,0,0
UY,URY,2001,Uruguay,South America,0,0,0
UY,URY,2002,Uruguay,South America,0,0,0
UY,URY,2003,Uruguay,South America,0,0,0
UY,URY,2004,Uruguay,South America,0,0,0
UY,URY,2005,Uruguay,South America,0,0,0
UY,URY,2006,Uruguay,South America,0,0,0
UY,URY,2007,Uruguay,South America,0,0,0
UY,URY,2008,Uruguay,South America,0,0,0
UY,URY,2009,Uruguay,South America,0,0,0
UY,URY,2010,Uruguay,South America,0,0,0
UY,URY,2011,Uruguay,South America,0,0,0
UY,URY,2012,Uruguay,South America,0,0,0
UY,URY,2013,Uruguay,South America,0,0,0
UY,URY,2014,Uruguay,South America,0,0,0
UY,URY,2015,Uruguay,South America,0,0,0
UY,URY,2016,Uruguay,South America,0,0,0
UY,URY,2017,Uruguay,South America,0,0,0
UY,URY,2018,Uruguay,South America,0,0,0
UY,URY,2019,Uruguay,South America,0,0,0
UY,URY,2020,Uruguay,South America,0,0,0
VE,VEN,2000,Venezuela,South America,0,0,0
VE,VEN,2001,Venezuela,South America,0,0,0
VE,VEN,2002,Venezuela,South America,0,0,0
VE,VEN,2003,Venezuela,South America,0,0,0
VE,VEN,2004,Venezuela,South America,0,0,0
VE,VEN,2005,Venezuela,South America,0,0,0
VE,VEN,2006,Venezuela,South America,0,0,0
VE,VEN,2007,Venezuela,South America,0,0,0
VE,VEN,2008,Venezuela,South America,0,0,0
VE,VEN,2009,Venezuela,South America,0,0,0
VE,VEN,2010,Venezuela,South America,0,0,0
VE,VEN,2011,Venezuela,South America,0,0,0
VE,VEN,2012,Venezuela,South America,0,0,0
VE,VEN,2013,Venezuela,South America,0,0,0
VE,VEN,2014,Venezuela,South America,0,0,0
VE,VEN,2015,Venezuela,South America,0,0,0
VE,VEN,2016,Venezuela,South America,0,0,0
VE,VEN,2017,Venezuela,South America,0,0,0
VE,VEN,2018,Venezuela,South America,0,0,0
VE,VEN,2019,Venezuela,South America,0,0,0
VE,VEN,2020,Venezuela,South America,0,0,0
